0,1
environments,"['mock_boards/environments board/1. .jpg', 'mock_boards/environments board/10. .jpg', 'mock_boards/environments board/11. .jpg', 'mock_boards/environments board/12. .jpg', 'mock_boards/environments board/13. .jpg', ""mock_boards/environments board/14. Discover Australia's.png"", 'mock_boards/environments board/15. .jpg', 'mock_boards/environments board/2. .jpg', 'mock_boards/environments board/3. .jpg', 'mock_boards/environments board/4. .jpg', 'mock_boards/environments board/5. .png', 'mock_boards/environments board/6. .jpg', ""mock_boards/environments board/7. Discover Australia's.png"", 'mock_boards/environments board/8. .jpg', 'mock_boards/environments board/9. .jpg']"
medieval!fantasy weapons,"['mock_boards/medieval!fantasy weapons board/1. Bow tool sling.jpg', 'mock_boards/medieval!fantasy weapons board/10. .jpg', 'mock_boards/medieval!fantasy weapons board/11. Highly decorated.jpg', 'mock_boards/medieval!fantasy weapons board/12. Weapons  Morning.jpg', 'mock_boards/medieval!fantasy weapons board/13. .jpg', 'mock_boards/medieval!fantasy weapons board/14. Silver work.png', 'mock_boards/medieval!fantasy weapons board/15. .jpg', 'mock_boards/medieval!fantasy weapons board/2. .jpg', 'mock_boards/medieval!fantasy weapons board/3. .jpg', 'mock_boards/medieval!fantasy weapons board/4. .jpg', 'mock_boards/medieval!fantasy weapons board/5. .jpg', 'mock_boards/medieval!fantasy weapons board/6. .jpg', 'mock_boards/medieval!fantasy weapons board/7. .jpg', 'mock_boards/medieval!fantasy weapons board/8. .jpg', 'mock_boards/medieval!fantasy weapons board/9. .jpg']"
fashion,"['mock_boards/fashion board/1. .png', 'mock_boards/fashion board/10. .jpg', 'mock_boards/fashion board/11. .jpg', 'mock_boards/fashion board/12. .jpg', 'mock_boards/fashion board/13. On location,.jpg', 'mock_boards/fashion board/14. .jpg', 'mock_boards/fashion board/15. .png', 'mock_boards/fashion board/2. .jpg', 'mock_boards/fashion board/3. .jpg', 'mock_boards/fashion board/4. .jpg', 'mock_boards/fashion board/5. .jpg', 'mock_boards/fashion board/6. .jpg', 'mock_boards/fashion board/7. .jpg', 'mock_boards/fashion board/8. .jpg', 'mock_boards/fashion board/9. .png']"
trees,"['mock_boards/trees board/1. .jpg', 'mock_boards/trees board/10. .jpg', 'mock_boards/trees board/11. .png', 'mock_boards/trees board/12. How to.jpg', 'mock_boards/trees board/13. .jpg', 'mock_boards/trees board/14. .jpg', 'mock_boards/trees board/15. .jpg', 'mock_boards/trees board/2. .jpg', 'mock_boards/trees board/3. .jpg', 'mock_boards/trees board/4. .jpg', 'mock_boards/trees board/5. .jpg', 'mock_boards/trees board/6. .jpg', 'mock_boards/trees board/7. .jpg', 'mock_boards/trees board/8. .jpg', 'mock_boards/trees board/9. .jpg']"
"mushrooms, plants and flowers","['mock_boards/mushrooms, plants and flowers board/1. .jpg', 'mock_boards/mushrooms, plants and flowers board/10. untitled-5.jpg.jpg', 'mock_boards/mushrooms, plants and flowers board/11. .png', 'mock_boards/mushrooms, plants and flowers board/12. .jpg', 'mock_boards/mushrooms, plants and flowers board/13. .png', 'mock_boards/mushrooms, plants and flowers board/14. Red and.jpg', 'mock_boards/mushrooms, plants and flowers board/15. .jpg', 'mock_boards/mushrooms, plants and flowers board/2. .jpg', 'mock_boards/mushrooms, plants and flowers board/3. .jpg', 'mock_boards/mushrooms, plants and flowers board/4. .jpg', 'mock_boards/mushrooms, plants and flowers board/5. .jpg', 'mock_boards/mushrooms, plants and flowers board/6. Big Bang.jpg', 'mock_boards/mushrooms, plants and flowers board/7. .jpg', 'mock_boards/mushrooms, plants and flowers board/8. This is.jpg', 'mock_boards/mushrooms, plants and flowers board/9. .jpg']"
canine!canidae,"['mock_boards/canine!canidae board/1. .jpg', 'mock_boards/canine!canidae board/10. Saluki Welpen.jpg', 'mock_boards/canine!canidae board/11. .jpg', 'mock_boards/canine!canidae board/12. Spanish Sighthound.jpg', 'mock_boards/canine!canidae board/13. borzoi.png', 'mock_boards/canine!canidae board/14. .png', 'mock_boards/canine!canidae board/15. .jpg', 'mock_boards/canine!canidae board/2. .jpg', 'mock_boards/canine!canidae board/3. .jpg', 'mock_boards/canine!canidae board/4. .jpg', 'mock_boards/canine!canidae board/5. .jpg', 'mock_boards/canine!canidae board/6. .jpg', 'mock_boards/canine!canidae board/7. Tangkhul Hui.jpg', ""mock_boards/canine!canidae board/8. Cirneco Dell'Etna-.jpg"", 'mock_boards/canine!canidae board/9. Dog.jpg']"
sea animals,"['mock_boards/sea animals board/1. .jpg', 'mock_boards/sea animals board/10. Decorator crabs.png', 'mock_boards/sea animals board/11. .jpg', 'mock_boards/sea animals board/12. PixieWinks.jpg', 'mock_boards/sea animals board/13. Giant box.png', 'mock_boards/sea animals board/14. .jpg', 'mock_boards/sea animals board/15. New ‚ÄòGalaxy‚Äô.jpg', 'mock_boards/sea animals board/2. .jpg', ""mock_boards/sea animals board/3. It's Dive.jpg"", 'mock_boards/sea animals board/4. Come brighten.jpg', 'mock_boards/sea animals board/5. .jpg', 'mock_boards/sea animals board/6. .jpg', 'mock_boards/sea animals board/7. .jpg', 'mock_boards/sea animals board/8. üî• East.jpg', 'mock_boards/sea animals board/9. Spiny monster.jpg']"
ungulates,"['mock_boards/ungulates board/1. .png', 'mock_boards/ungulates board/10. .jpg', 'mock_boards/ungulates board/11. Sichuan Takin.jpg', 'mock_boards/ungulates board/12. .jpg', 'mock_boards/ungulates board/13. –ß–µ—Ä–Ω–∞—è –∞–Ω—Ç–∏–ª–æ–ø–∞.jpg', 'mock_boards/ungulates board/14. .jpg', 'mock_boards/ungulates board/15. Scythian horse.jpg', 'mock_boards/ungulates board/2. .jpg', 'mock_boards/ungulates board/3. .jpg', 'mock_boards/ungulates board/4. Bull Okapi.jpg', 'mock_boards/ungulates board/5. Jentink‚Äôs Duiker.jpg', 'mock_boards/ungulates board/6. Hemitragus jemlahicus.jpg', 'mock_boards/ungulates board/7. .jpg', 'mock_boards/ungulates board/8. Saiga Antelope.jpg', 'mock_boards/ungulates board/9. Kafue Lechwe.jpg']"
mustelids!rodentia!marsupials,"['mock_boards/mustelids!rodentia!marsupials board/1. Lumholtz‚Äôs Tree.jpg', 'mock_boards/mustelids!rodentia!marsupials board/10. The Finnish.jpg', 'mock_boards/mustelids!rodentia!marsupials board/11. Kowari (Dasyuroides.png', 'mock_boards/mustelids!rodentia!marsupials board/12. I like.png', 'mock_boards/mustelids!rodentia!marsupials board/13. Stoat.jpg', 'mock_boards/mustelids!rodentia!marsupials board/14. Magical Nature.jpg', 'mock_boards/mustelids!rodentia!marsupials board/15. üî• European.png', 'mock_boards/mustelids!rodentia!marsupials board/2. .jpg', 'mock_boards/mustelids!rodentia!marsupials board/3. .jpg', 'mock_boards/mustelids!rodentia!marsupials board/4. .jpg', 'mock_boards/mustelids!rodentia!marsupials board/5. .jpg', 'mock_boards/mustelids!rodentia!marsupials board/6. .jpg', 'mock_boards/mustelids!rodentia!marsupials board/7. .jpg', 'mock_boards/mustelids!rodentia!marsupials board/8. Ÿè.jpg', 'mock_boards/mustelids!rodentia!marsupials board/9. .jpg']"
mammals,"['mock_boards/mammals board/1. .jpg', 'mock_boards/mammals board/10. Armadillo.jpg', 'mock_boards/mammals board/11. Tenrecs!.jpg', ""mock_boards/mammals board/12. Matschie's Tree.jpg"", 'mock_boards/mammals board/13. .jpg', 'mock_boards/mammals board/14. .png', 'mock_boards/mammals board/15. I Capture.jpg', 'mock_boards/mammals board/2. Mara &.jpg', 'mock_boards/mammals board/3. Patagonian Mara.jpg', 'mock_boards/mammals board/4. Greater Hog.jpg', 'mock_boards/mammals board/5. .jpg', 'mock_boards/mammals board/6. .jpg', 'mock_boards/mammals board/7. .jpg', 'mock_boards/mammals board/8. Dingiso Tree.jpg', 'mock_boards/mammals board/9. .jpg']"
reptiles!amphibians,"['mock_boards/reptiles!amphibians board/1. .jpg', 'mock_boards/reptiles!amphibians board/10. .jpg', 'mock_boards/reptiles!amphibians board/11. .jpg', 'mock_boards/reptiles!amphibians board/12. .jpg', 'mock_boards/reptiles!amphibians board/13. .jpg', 'mock_boards/reptiles!amphibians board/14. .jpg', 'mock_boards/reptiles!amphibians board/15. Duckbill Tree.jpg', 'mock_boards/reptiles!amphibians board/2. .jpg', 'mock_boards/reptiles!amphibians board/3. Tuatara.jpg', 'mock_boards/reptiles!amphibians board/4. .jpg', 'mock_boards/reptiles!amphibians board/5. Giant Armadillo.jpg', 'mock_boards/reptiles!amphibians board/6. .jpg', 'mock_boards/reptiles!amphibians board/7. Bornean Horned.jpg', 'mock_boards/reptiles!amphibians board/8. .jpg', 'mock_boards/reptiles!amphibians board/9. .jpg']"
statuary,"['mock_boards/statuary board/1. .jpg', 'mock_boards/statuary board/10. Bronze Figures.png', 'mock_boards/statuary board/11. .jpg', 'mock_boards/statuary board/12. Attilio Selva.jpg', 'mock_boards/statuary board/13. .jpg', 'mock_boards/statuary board/14. .jpg', 'mock_boards/statuary board/15. Readiness.jpg', 'mock_boards/statuary board/2. .jpg', 'mock_boards/statuary board/3. .jpg', 'mock_boards/statuary board/4. .jpg', 'mock_boards/statuary board/5. Statue of.jpg', 'mock_boards/statuary board/6. .jpg', 'mock_boards/statuary board/7. .jpg', 'mock_boards/statuary board/8. Joan of.jpg', 'mock_boards/statuary board/9. .jpg']"
fish,"['mock_boards/fish board/1. .jpg', 'mock_boards/fish board/10. Threadfin butterflyfish,.jpg', 'mock_boards/fish board/11. .jpg', 'mock_boards/fish board/12. 45 Beautiful.jpg', 'mock_boards/fish board/13. 9 Amazing.jpg', 'mock_boards/fish board/14. Picasso Triggerfish.jpg', 'mock_boards/fish board/15. Passer Angelfish.jpg', 'mock_boards/fish board/2. .jpg', 'mock_boards/fish board/3. .jpg', 'mock_boards/fish board/4. .jpg', 'mock_boards/fish board/5. .jpg', 'mock_boards/fish board/6. Longspine squirrelfish,.jpg', 'mock_boards/fish board/7. .jpg', 'mock_boards/fish board/8. Large Ocean.png', 'mock_boards/fish board/9. .jpg']"
portrait,"['mock_boards/portrait board/1. City Twists.jpg', 'mock_boards/portrait board/10. üåô.jpg', 'mock_boards/portrait board/11. .jpg', 'mock_boards/portrait board/12. SaÃÑn child,.jpg', 'mock_boards/portrait board/13. .jpg', 'mock_boards/portrait board/14. .jpg', 'mock_boards/portrait board/15. .jpg', 'mock_boards/portrait board/2. .jpg', 'mock_boards/portrait board/3. .jpg', 'mock_boards/portrait board/4. .jpg', 'mock_boards/portrait board/5. How BeyonceÃÅ.jpg', 'mock_boards/portrait board/6. .jpg', 'mock_boards/portrait board/7. .jpg', 'mock_boards/portrait board/8. .jpg', 'mock_boards/portrait board/9. .jpg']"
vehilcles,"['mock_boards/vehilcles board/1. 1962 Mazda.jpg', 'mock_boards/vehilcles board/10. .jpg', 'mock_boards/vehilcles board/11. .jpg', 'mock_boards/vehilcles board/12. .jpg', 'mock_boards/vehilcles board/13. .jpg', 'mock_boards/vehilcles board/14. .jpg', 'mock_boards/vehilcles board/15. Ride the.jpg', 'mock_boards/vehilcles board/2. .jpg', 'mock_boards/vehilcles board/3. Comeng at.jpg', 'mock_boards/vehilcles board/4. .jpg', 'mock_boards/vehilcles board/5. Shikon¬Æ Embroidered.jpg', 'mock_boards/vehilcles board/6. .jpg', 'mock_boards/vehilcles board/7. .jpg', 'mock_boards/vehilcles board/8. .jpg', 'mock_boards/vehilcles board/9. .jpg']"
birds,"['mock_boards/birds board/1. .jpg', 'mock_boards/birds board/10. Mergansers,mother &.jpg', 'mock_boards/birds board/11. .jpg', 'mock_boards/birds board/12. .jpg', 'mock_boards/birds board/13. .jpg', 'mock_boards/birds board/14. Comb Duck.jpg', 'mock_boards/birds board/15. .jpg', 'mock_boards/birds board/2. .jpg', 'mock_boards/birds board/3. Vulture.jpg', 'mock_boards/birds board/4. .jpg', 'mock_boards/birds board/5. .jpg', 'mock_boards/birds board/6. .jpg', 'mock_boards/birds board/7. .jpg', 'mock_boards/birds board/8. .jpg', 'mock_boards/birds board/9. .jpg']"
felines,"['mock_boards/felines board/1. .jpg', 'mock_boards/felines board/10. .jpg', 'mock_boards/felines board/11. .jpg', 'mock_boards/felines board/12. .jpg', 'mock_boards/felines board/13. .jpg', 'mock_boards/felines board/14. PaleCoat.jpg', 'mock_boards/felines board/15. .jpg', 'mock_boards/felines board/2. .jpg', 'mock_boards/felines board/3. Peterbald Cat.jpg', 'mock_boards/felines board/4. .jpg', 'mock_boards/felines board/5. .jpg', 'mock_boards/felines board/6. .jpg', 'mock_boards/felines board/7. .jpg', 'mock_boards/felines board/8. LeapingStar.jpg', 'mock_boards/felines board/9. .jpg']"
primates,"['mock_boards/primates board/1. Hanuman Langur.jpg', 'mock_boards/primates board/10. .jpg', 'mock_boards/primates board/11. Hanuman Langur.jpg', 'mock_boards/primates board/12. These Intense.jpg', 'mock_boards/primates board/13. The independent.jpg', 'mock_boards/primates board/14. .jpg', 'mock_boards/primates board/15. .jpg', 'mock_boards/primates board/2. .jpg', 'mock_boards/primates board/3. .jpg', 'mock_boards/primates board/4. Red Ruffed.jpg', 'mock_boards/primates board/5. .jpg', 'mock_boards/primates board/6. .jpg', 'mock_boards/primates board/7. .jpg', 'mock_boards/primates board/8. .jpg', 'mock_boards/primates board/9. .jpg']"
misc. poses,"['mock_boards/misc. poses board/1. .jpg', 'mock_boards/misc. poses board/10. .jpg', 'mock_boards/misc. poses board/11. .jpg', 'mock_boards/misc. poses board/12. Female Models.jpg', 'mock_boards/misc. poses board/13. .jpg', 'mock_boards/misc. poses board/14. .jpg', 'mock_boards/misc. poses board/15. .jpg', 'mock_boards/misc. poses board/2. üï∏Ô∏è.jpg', 'mock_boards/misc. poses board/3. .jpg', 'mock_boards/misc. poses board/4. .jpg', 'mock_boards/misc. poses board/5. Dynamic Posing.jpg', 'mock_boards/misc. poses board/6. .jpg', 'mock_boards/misc. poses board/7. .jpg', 'mock_boards/misc. poses board/8. How To.jpg', 'mock_boards/misc. poses board/9. .jpg']"
action poses,"['mock_boards/action poses board/1. PHOTOS  Rafael.jpg', 'mock_boards/action poses board/10. .jpg', 'mock_boards/action poses board/11. .jpg', 'mock_boards/action poses board/12. .jpg', 'mock_boards/action poses board/13. .jpg', 'mock_boards/action poses board/14. .jpg', 'mock_boards/action poses board/15. Life in.png', 'mock_boards/action poses board/2. .jpg', 'mock_boards/action poses board/3. .jpg', 'mock_boards/action poses board/4. .jpg', 'mock_boards/action poses board/5. Will Ospreay.jpg', 'mock_boards/action poses board/6. .jpg', 'mock_boards/action poses board/7. X.jpg', 'mock_boards/action poses board/8. .jpg', 'mock_boards/action poses board/9. .jpg']"
hands and extremities,"['mock_boards/hands and extremities board/1. .jpg', 'mock_boards/hands and extremities board/10. .jpg', 'mock_boards/hands and extremities board/11. pleasing.jpg', 'mock_boards/hands and extremities board/12. Premium Photo.jpg', ""mock_boards/hands and extremities board/13. 'Empty Hands'.jpg"", 'mock_boards/hands and extremities board/14. .jpg', 'mock_boards/hands and extremities board/15. .jpg', 'mock_boards/hands and extremities board/2. .jpg', 'mock_boards/hands and extremities board/3. Show Photos.jpg', 'mock_boards/hands and extremities board/4. .jpg', 'mock_boards/hands and extremities board/5. Show Photos.jpg', 'mock_boards/hands and extremities board/6. .jpg', 'mock_boards/hands and extremities board/7. .jpg', 'mock_boards/hands and extremities board/8. .jpg', 'mock_boards/hands and extremities board/9. .jpg']"
insects,"['mock_boards/insects board/1. .jpg', 'mock_boards/insects board/10. fly.jpg', 'mock_boards/insects board/11. .jpg', 'mock_boards/insects board/12. anmal.jpg', 'mock_boards/insects board/13. .jpg', 'mock_boards/insects board/14. Katydid Nymph.jpg', 'mock_boards/insects board/15. 19 Creatures.jpg', 'mock_boards/insects board/2. The Lost.jpg', 'mock_boards/insects board/3. Emergence.jpg', 'mock_boards/insects board/4. Acid Picdump.jpg', 'mock_boards/insects board/5. .jpg', 'mock_boards/insects board/6. ..microscope.jpg', 'mock_boards/insects board/7. .jpg', 'mock_boards/insects board/8. Trilobite beetle.jpg', 'mock_boards/insects board/9. Perfectly Timed.jpg']"
